Municipio,x,y
Algeciras,276772.880910774,3998762.44634212
Barbate,239366.524366865,4010177.13489689
Tarifa,258516.552420027,4001257.86500777
San Roque,288722.322658399,4015075.96921904
Barrios (Los),270114.370968422,4011509.50570444
Conil de la Frontera,223644.713403492,4022788.46249246
Castellar de la Frontera,278490.957977047,4021401.44900943
Benalup-Casas Viejas,250661.49898209,4024367.49714196
Manilva,296867.86256573,4025568.21068551
Vejer de la Frontera,235622.657825283,4019293.96513957
Chiclana de la Frontera,221089.488063472,4032790.27981094
Casares,296062.264396433,4034387.87671267
San Fernando,212715.589005259,4038992.68192101
Estepona,308019.242547642,4037850.71573717
Jimena de la Frontera,279789.356707689,4034115.30278823
Marbella,331938.992605142,4042678.37903977
Medina Sidonia,243030.769043122,4031534.71427491
Paterna de Rivera,244335.2698,4045799.54073333
Gaucín,289696.309268853,4041976.87071576
Genalguacil,300798.598015949,4044552.56164945
Alcalá de los Gazules,258427.778000677,4036681.58806412
Cádiz (capital),208213.809057575,4042118.97897739
Benarrabá,294053.092885554,4047317.8726118
Fuengirola,355491.972120465,4046890.96558704
Algatocín,295147.48377989,4050232.7205292
Jubrique,302752.573951501,4048493.38138635
Ojén,335578.166026824,4048401.38379545
Benalauría,294408.55084001,4051813.2733136
Benalmádena,360335.82718486,4051226.84240171
Mijas,349290.484458742,4047447.52034088
Puerto Real,221279.594456428,4046675.93542111
Pujerra,309452.505713764,4051153.07052086
Benadalid,296721.52415005,4054489.11879789
Benahavís,316651.455920825,4046400.66697528
Torremolinos,364302.88571818,4054427.76579326
Faraján,303519.660354984,4053328.51056295
Monda,334261.353860345,4055272.79547782
Istán,324474.849660417,4052536.25643227
Igualeja,312611.378962951,4055060.08401822
Atajate,298965.642566667,4057541.32876667
Júzcar,306589.301198624,4051956.82888423
Cortes de la Frontera,282295.264355923,4050449.17801789
Jimera de Líbar,296138.494329357,4059061.05057931
Cartajima,307311.903617421,4059271.98677519
Parauta,314009.153455763,4059904.72710869
Alhaurín el Grande,349441.414463979,4057539.35878533
Algar,263652.064012576,4060153.57947857
San José del Valle,254403.606788705,4055869.76938401
Alpandeire,301707.965315506,4058846.96408794
Guaro,335727.260674431,4060234.51789113
Ubrique,279769.946382966,4059836.62636984
Alhaurín de la Torre,358472.749326132,4058437.65224613
Tolox,326675.731395608,4060831.21630569
Villaluenga del Rosario,288453.415309294,4062577.22945432
Puerto de Santa María (El),210632.968341512,4058943.0030141
Benaoján,298027.244843031,4064118.563113
Coín,341895.534523696,4060066.06086332
Gualchos,465113.380275777,4065800.57156451
Benaocaz,280933.833285673,4065924.19262182
Totalán,384802.373180963,4069284.72400371
Alozaina,334037.05716101,4066729.6772267
Montejaque,295709.47702895,4067027.67319399
Yunquera,326812.076741544,4067121.27749134
Algarrobo,406693.767252802,4069122.66266761
Motril,456821.536567294,4066542.35255269
Moclinejo,387595.958647729,4070042.575363
Macharaviaya,390802.095874967,4070183.03175779
Iznate,393521.351716078,4071669.64251904
Balanegra,505975.077128539,4070093.85171529
Benamocarra,395658.166533333,4071623.96656667
Rota,200250.752830697,4063452.57622112
Salobreña,447945.043925449,4068742.87575742
Pizarra,347598.564269357,4070382.85917041
Mojonera (La),527553.78207297,4069904.41200487
Torrox,414811.875534031,4069112.03829487
Cártama,353702.92754861,4066865.31559226
Bosque (El),275807.334287696,4070260.79869456
Molvízar,446398.211792778,4071807.10734691
Polopos,473096.136702806,4070098.90585457
Rubite,470037.369141066,4070480.17937349
Lújar,465865.931743192,4070733.9662068
Adra,495424.063470986,4069731.95934876
Almuñécar,435563.98157611,4069424.72886873
Jete,441049.834196299,4072778.06275232
Ejido (El),519375.653709723,4066968.40438306
Ítrabo,443047.266162206,4071524.8974145
Almáchar,391535.182739619,4073903.75397913
Sorvilán,476693.246853127,4071443.82349262
Arriate,309476.127966667,4074618.72503333
Sayalonga,409727.45184961,4072371.06940541
Albuñol,483313.901156404,4070591.42588577
Borge (El),387632.451252034,4073966.10332595
Grazalema,286599.498374126,4072220.35326712
Arenas,405728.75577241,4074615.15713989
Nerja,425872.809044687,4071264.81121724
Frigiliana,420233.160990815,4073866.57270271
Árchez,410990.3726,4075241.20803333
Roquetas de Mar,534252.006817003,4070301.4889093
Prado del Rey,272676.520783116,4073895.3691966
Vélez-Málaga,397922.613536189,4070338.3597205398
Casarabonela,337523.926314266,4073714.83393316
Vícar,530313.149088669,4074185.6166754
Lentegí,438797.557298613,4077764.09826753
Vélez de Benaudalla,456273.194277397,4075148.74869986
Cómpeta,417638.889894776,4076851.12956131
Albondón,481436.439543847,4077512.50585294
Carratraca,337480.39139756,4079114.06081244
Arcos de la Frontera,254138.141478943,4070021.21726726
Benamargosa,393136.623608007,4078114.05697595
Zahara,281702.360559363,4078832.37986434
Otívar,433565.300812154,4077273.3887824
Turón,492566.457032651,4077708.87149048
Torvizcón,474818.120385171,4078783.97426806
Salares,409473.828633464,4079514.55628061
Montecorto,295330.825311657,4077304.89533338
Comares,388028.203796221,4079531.45657508
Canillas de Albaida,413211.988573001,4079680.77381128
Burgo (El),325809.645220812,4074930.88170837
Gastor (El),290883.106666125,4080466.06323297
Guájares (Los),446232.012092289,4078573.74806756
Málaga (capital),372911.37980283,4069955.92048029
Jerez de la Frontera,234847.870123879,4063681.0411627
Huércal de Almería,547524.860451247,4082437.71988539
Viñuela,396474.556983275,4080712.31985544
Cútar,390624.669429084,4080879.34805831
Sedella,406919.801401577,4080412.52080101
Canillas de Aceituno,402518.424339832,4081249.41080588
Serrato,322417.170418592,4081344.7123102
Almogía,361968.790540724,4078415.85032738
Cuevas del Becerro,317080.971305528,4082701.6960462
Berja,503025.097734487,4078772.88294377
Enix,535944.882862569,4081153.26353354
Dalías,515832.726392187,4078253.48871867
Casabermeja,372619.753914045,4082745.79840739
Felix,526808.554217683,4081287.77241199
Viator,553277.625786845,4083253.94668663
Cuervo de Sevilla (El),231418.482874805,4083898.92551416
Murtas,488338.099773591,4079953.89700801
Órgiva,464482.361312981,4079905.51934614
Terque,531733.185505452,4086024.11974209
Bornos,258138.029452198,4081705.31067765
Carataunas,464860.098734225,4086176.03305047
Pinar (El),451562.695719622,4083195.57856228
Ronda,309989.739582594,4072430.02119567
Álora,348615.459620995,4080391.95144324
Almegíjar,474429.32007513,4084263.75942657
Benahadux,546829.101771408,4085544.10033705
Setenil de las Bodegas,305989.911390382,4082733.14915863
Bentarique,528719.373889703,4087565.94698851
Sanlúcar de Barrameda,204828.441226421,4078309.8958388
Lobras,481100.426525683,4085182.08079341
Trebujena,213176.180714515,4085359.40421619
Torre Alháquime,300944.121304925,4087181.38690023
Alcaucín,400414.280702963,4086184.73980515
Espera,250513.003064763,4084981.14885887
Játar,418289.219580066,4088190.91740106
Algodonales,283239.610840927,4085501.61040643
Valle (El),446948.612613265,4086567.13827882
Cástaras,478312.446903345,4085730.56035907
Riogordo,385943.525470213,4087053.09215573
Valle de Abdalajís,350975.487824769,4089317.5762071
Cádiar,485107.579566798,4087130.40798906
Alicún,535121.410726947,4089143.81428292
Alcalá del Valle,308574.224558798,4088334.28256697
Taha (La),470140.974046632,4086583.72474514
Huécija,533070.268048134,4089233.84582073
Alhama de Almería,537867.340658543,4089100.2823223
Lecrín,452826.415057399,4089447.36276124
Villanueva de la Concepción,364146.050630691,4087972.14425243
Periana,393576.349016299,4087806.34425747
Colmenar,381472.328296337,4086417.78473156
Pechina,553306.012137517,4088683.76356982
Busquístar,475310.441812905,4090443.10989783
Ugíjar,493400.582442023,4088801.5130972
Juviles,479386.674220856,4090735.95121697
Alfarnatejo,387601.79103371,4091769.33651062
Jayena,429304.261813311,4088433.10637657
Alcolea,500853.102144669,4088268.24348971
Albuñuelas,438759.785049279,4087199.57281102
Villamena,446198.139484899,4092432.00552183
Almería (capital),558843.10289515,4081293.91856819
Villamartín,266723.815357372,4083918.16571135
Almócita,517571.676229434,4090836.75876895
Rioja,549920.625436718,4091794.55241261
Pórtugos,472894.213255013,4091986.62410743
Soportújar,464519.772324509,4089738.98099852
Pampaneira,466183.258817315,4091173.27821709
Cáñar,462036.579373824,4090321.51887646
Alhabia,538972.16793864,4094218.11592252
Padules,520398.277926408,4091154.39637291
Nigüelas,455243.773433896,4094098.63240891
Níjar,577977.309192169,4083100.44763656
Íllar,531411.803955846,4092743.96193799
Arenas del Rey,422207.002292872,4089858.14716664
Alfarnate,389104.442359493,4094731.09736716
Zafarraya,396726.233599143,4094573.30216811
Instinción,527922.750125473,4091455.3433178
Bubión,466000.58415576,4095964.46847335
Lanjarón,458527.932409951,4089231.64757676
Alsodux,538268.889686339,4097028.25919693
Agrón,427066.373653554,4096564.16084619
Santa Fe de Mondújar,542457.225613774,4094331.32011663
Villanueva del Rosario,378270.152864069,4096687.25974124
Dúrcal,454542.204590634,4097453.78470536
Padul,440425.542306567,4096636.03868029
Carboneras,594367.524870696,4095975.30665528
Capileira,469341.624554923,4096583.04036255
Olvera,296786.507538172,4091870.95278314
Gádor,543914.116378657,4090100.89903714
Algámitas,308141.038327081,4099206.5761417
Coripe,285820.925891337,4096078.12701542
Turrillas,565595.799146435,4098125.52647924
Santa Cruz de Marchena,537309.787914823,4099097.69164885
Rágol,527350.275561473,4094846.68176754
Puerto Serrano,279549.850993479,4095190.48239371
Almargen,320551.613141529,4099373.29151363
Ardales,335398.615175895,4084503.39233849
Pruna,301388.948830476,4098029.77473868
Fondón,512960.66371943,4092040.23786489
Beires,517061.314353933,4099642.78832785
Canjáyar,523600.165830089,4094108.81204365
Villanueva del Trabuco,382611.356019898,4100162.53605083
Santa Cruz del Comercio,413482.404472682,4102359.70188351
Dílar,453882.675587489,4101913.62107475
Escúzar,430988.366338325,4100791.65518627
Bérchules,482469.532037618,4097635.08773564
Ohanes,521216.74195369,4101865.20162772
Alpujarra de la Sierra,487277.918253894,4097337.4438373
Paterna del Río,504454.982008949,4100151.73326494
Láujar de Andarax,508623.843550639,4095992.18670748
Válor,491548.9179547,4097522.01681166
Montellano,273390.127481179,4098283.94347126
Villa de Otura,441971.367626812,4103159.76232707
Ventas de Huelma,425459.174716508,4102397.42924746
Alboloduy,532888.754761789,4102033.73531653
Nevada,496582.50893589,4099183.19966817
Trevélez,476900.41313862,4100487.99886874
Lebrija,227498.446782715,4092508.14092476
Bayárcal,500385.254203196,4100995.15468832
Cabezas de San Juan (Las),239366.562850227,4097589.1288414
Gójar,447500.010683978,4105717.13790417
Malahá (La),434716.317223857,4106024.15592075
Campillos,334245.892803109,4100073.02288097
Lucainena de las Torres,575202.814951301,4099895.47179153
Alhendín,438211.765494284,4102924.59792652
Ogíjares,445461.9207295,4108774.3432259
Zubia (La),449233.671283399,4107439.17311555
Coronil (El),266913.935122294,4100947.18115037
Villanueva de San Juan,305278.856047064,4105347.40599141
Cájar,449488.000366667,4109824.32623333
Monachil,457689.263203072,4106688.83586313
Saucejo (El),313904.467035712,4105167.00913834
Tabernas,556510.697699489,4102846.10181863
Alhama de Granada,410772.124349802,4094379.09419874
Cacín,418719.193731746,4103919.08373196
Huétor Vega,449943.387317831,4111388.96891903
Gabias (Las),438026.401693704,4109788.40616439
Armilla,444673.834974529,4111079.49655688
Chimeneas,425168.196961928,4108884.71780478
Churriana de la Vega,442869.448339924,4111660.55456519
Cúllar Vega,440139.952633333,4112499.71106667
Cenes de la Vega,452384.667562808,4112247.244629
Archidona,376393.179213902,4107435.0680688
Pinos Genil,455476.834373804,4112805.69361769
Salar,407701.313511207,4110676.08445256
Vegas del Genil,438531.608378564,4113925.18166969
Corrales (Los),321280.766930553,4109182.44165153
Martín de la Jara,326336.600573074,4111620.19895927
Turre,594340.770094531,4107015.43981667
Mojácar,600817.136089045,4108370.16287143
Fuente de Piedra,344085.531161043,4110007.68794251
Dúdar,456507.159093273,4115754.24399284
Cijuela,426899.378164915,4114892.53773503
Gallardos (Los),593446.887376264,4113314.5991646
Láchar,425025.132593017,4115826.29670498
Chauchina,430087.030037871,4115381.77328873
Humilladero,349691.038419228,4111247.68404106
Aldeire,492682.464765927,4110045.56809347
Mollina,353414.391605593,4112501.24339223
Garrucha,604130.086,4115705.5035
Sierra de Yeguas,335127.920185561,4112613.21940077
Olula de Castro,545489.90511813,4114311.82249389
Nacimiento,530236.41130254,4110356.68168728
Castro de Filabres,548856.792364001,4114846.28151391
Uleila del Campo,572067.677390497,4114894.23699
Molares (Los),261843.126349067,4116132.81749559
Sorbas,580812.383034025,4106445.37082971
Villanueva de Tapia,380947.733262826,4115752.65315708
Moraleda de Zafayona,415407.258628732,4115222.82923432
Maracena,443188.913547507,4118667.5221091
Santa Fe,434219.299366583,4115143.68231788
Alquife,490223.2612966,4115465.45606807
Granada (capital),447552.616172979,4115582.79257373
Jun,447994.183041147,4119233.75277737
Dólar,500369.531859188,4113201.98225167
Bédar,589272.504052502,4114810.5051629
Güéjar Sierra,468145.946114601,4111050.93138634
Jérez del Marquesado,482659.986589274,4111935.55354784
Ferreira,497270.653371568,4113890.71108814
Tres Villas (Las),524741.682201871,4112430.9086951
Abrucena,515574.21764774,4109437.89833552
Benizalón,569196.311823642,4117713.59529339
Antequera,359136.406680163,4100192.44011534
Isla Mayor,217469.921674451,4111541.99336375
Lanteira,487656.564956505,4110970.15605379
Huétor Tájar,407362.68516011,4117227.01789188
Pulianas,445972.869871239,4120126.05675034
Fuente Vaqueros,430431.527754549,4119469.60696241
Abla,520666.667026118,4113037.17746052
Villanueva de Algaidas,374210.343596934,4116806.50455155
Palacios y Villafranca (Los),240656.81115291,4115810.33233005
Gérgal,539223.254323812,4111706.59440205
Villanueva Mesía,410696.370369371,4120813.2124211
Benitagla,568604.9406,4121263.555
Valderrubio,427045.1681,4121207.8145111
Lugros,478032.688770075,4117649.919202
Morón de la Frontera,284292.893545387,4110325.96341632
Senés,559109.703948527,4115991.99047402
Albuñán,487561.941652159,4120935.86142569
Polícar,478660.625333333,4123056.70066667
Huéneja,505799.247927831,4115822.4245167
Víznar,452573.539543591,4121453.88831271
Pedrera,331757.882322778,4119188.71971774
Cuevas Bajas,369585.955265319,4121073.56492171
Peligros,444004.976562135,4121814.81600212
Velefique,553369.96619984,4116929.6616189
Cogollos de Guadix,484243.374804995,4120606.35247011
Alameda,352060.929455056,4121424.15421524
Alcudia de Monteagud,566163.793035663,4121222.28041551
Vera,601631.058865442,4120171.06723496
Calahorra (La),495978.63628624,4119730.02373411
Beas de Granada,458731.544990329,4121160.006256
Alfacar,450685.214364087,4122453.52991711
Tahal,563412.634986812,4116516.94170976
Güevéjar,446606.326531597,4123672.62047626
Zagra,395853.934418154,4123825.51548922
Fiñana,512572.327388633,4115684.47618599
Cóbdar,572296.856678171,4122655.51503838
Nívar,451004.228364358,4124620.18127036
Roda de Andalucía (La),342604.124252331,4119525.87477607
Aguadulce,324394.338249143,4124429.64053391
Quéntar,463355.199579768,4120738.31655915
Puebla de Cazalla (La),298072.209929396,4115228.55736286
Utrera,251501.273544552,4107300.50750087
Chercos,564728.354440663,4124436.58646011
Palenciana,358943.563540486,4123578.97569965
Cuevas de San Marcos,373716.698520431,4123889.97923987
Gilena,328061.171704431,4122403.70069845
Beas de Guadix,481232.576189416,4125381.22121258
Bacares,546206.440203713,4122804.8996778
Loja,394761.403376042,4112708.53590362
Lubrín,582534.318313851,4120710.47949211
Benamejí,363425.55882996,4123429.84019176
Calicasas,444361.985210457,4125987.08593418
Arahal,271566.880420445,4120179.54462882
Atarfe,437292.440087849,4123332.84826443
Antas,592891.302395639,4123592.22382727
Pinos Puente,427779.869433062,4121442.64285908
Lora de Estepa,338877.981763677,4126216.59636884
Palos de la Frontera,154550.545647289,4123409.02478528
Marchal,482774.038444873,4128263.90164982
Encinas Reales,369135.705774595,4126632.57162912
Albanchez,574238.28888793,4126910.26844699
Villamanrique de la Condesa,205715.354983457,4125381.06562619
Líjar,568200.909857267,4127502.63208739
Valle del Zalabí,500041.763249041,4126361.39796645
Cogollos de la Vega,450309.763608264,4127981.93648176
Punta Umbría,143376.831512563,4126602.54984366
Laroya,558209.685179664,4127067.79812429
Cortes y Graena,479182.82224632,4128288.66311646
Sierro,553845.566525187,4127793.26660443
Bayarque,549040.184229537,4129929.25194026
Isla Cristina,119556.157609515,4128640.66103679
Puebla del Río (La),220568.07456909,4111541.42098247
Coria del Río,230860.331367682,4126141.32300513
Iznájar,384000.151742677,4125303.67207487
Macael,562582.024103232,4129443.02779274
Suflí,555191.239030256,4130346.88463043
Casariche,344607.076906067,4129173.46411113
Peza (La),472668.305872381,4125753.21962591
Huétor de Santillán,459903.622903404,4127569.44340597
Algarinejo,394572.420647781,4128776.04232434
Almensilla,224553.873111363,4133286.92632404
Diezma,468722.758338557,4130936.53817277
Badolatosa,349941.025772038,4128986.94208714
Palomares del Río,229092.013019673,4133737.17508179
Aznalcázar,208289.829644373,4111913.20940192
Moguer,162054.691223062,4124956.5831334
Armuña de Almanzora,551739.371921631,4134381.80319982
Aljaraque,143466.799839744,4133726.8625783
Benalúa,485570.130968977,4134391.77597456
Almonte,185983.92217693,4111794.96991097
Purchena,556833.286422304,4133635.26209664
Estepa,332476.718004862,4129663.46094723
Lucena del Puerto,168528.42403928,4128934.68653599
Rubio (El),322150.108699923,4135808.29689216
Cantoria,572352.951115549,4133296.28387179
Gelves,232282.944820171,4135731.42919194
Íllora,420373.008592027,4126564.70449047
Deifontes,447307.93032959,4133049.22875083
Pilas,206248.501862731,4133942.29699068
Mairena del Aljarafe,228175.254668428,4136552.42710294
Purullena,481341.013201573,4134300.08265364
Darro,474700.233222323,4135438.62654348
Albolote,441602.506037205,4129296.74021293
Rociana del Condado,179347.662184368,4133328.29616195
Bonares,172876.828332185,4132188.5357369
Lantejuela,303335.753453065,4137299.21106221
Montefrío,408636.683815117,4132273.76902606
Alcóntar,533260.441401534,4129639.44905797
Osuna,311691.19991617,4124910.76227007
Fines,564839.985860323,4135719.78896596
Bollullos Par del Condado,186797.599441446,4137269.0961952
Bollullos de la Mitación,220515.469107459,4134650.23968144
San Juan de Aznalfarache,231315.053581249,4139299.45712766
Urrácal,557597.188091274,4138704.02836858
Tomares,230274.609365683,4140597.87417149
Carrión de los Céspedes,204387.795533333,4141114.14596667
Hinojos,198001.004615176,4119066.64687187
Marinaleda,327750.593256053,4137794.84567101
Alcalá de Guadaíra,251249.361010093,4130755.01255704
Olula del Río,561693.21613909,4137234.04555139
Bormujos,226934.223532523,4139599.86057029
Rute,378666.974514231,4134484.90817312
Cuevas del Almanzora,605024.431338012,4131370.99274058
Benacazón,214995.493870088,4137145.59151736
Umbrete,219243.610803684,4140672.08643579
Mairena del Alcor,257342.70581384,4136878.33847051
Villablanca,116120.182362211,4137921.97344681
Huelva (capital),151505.287179932,4132737.70647437
Castilleja de la Cuesta,229301.323490535,4141885.03591357
Gines,227652.463176906,4142136.57790182
Chucena,199228.873280966,4139515.28049279
Zurgena,585759.593759325,4135154.21692532
Moclín,429626.140350682,4134687.71560242
Viso del Alcor (El),260020.993696521,4141085.04275807
Herrera,334766.899987196,4138482.3589243
Huévar del Aljarafe,207763.126755508,4139779.31255403
Arboleas,581133.071161367,4134548.07137324
Huélago,476457.548650356,4140972.53907764
Gor,504330.547062714,4136417.91493585
Villanueva del Ariscal,220155.305666667,4144186.22486667
Colomera,436761.917220506,4137798.60347102
Partaloa,568231.327904998,4140736.86610223
Castilleja de Guzmán,229877.498666667,4144200.68586667
Espartinas,223122.912970694,4142273.70565579
Pulpí,612492.535595682,4139996.54473117
Castilleja del Campo,204441.040400474,4143536.50573338
Camas,231378.389905045,4143583.75926083
Serón,540119.833876493,4132845.78653872
Marchena,290552.817897964,4134359.92578495
Ayamonte,111262.204651369,4133770.20948392
Lepe,125453.794870692,4134093.34401093
San Juan del Puerto,158436.964948995,4139997.73107079
Morelábor,472351.426017427,4143469.90703499
Lucena,363461.066273362,4135490.42137512
Benalúa de las Villas,440623.013616971,4144136.55842284
Moriles,356402.600153433,4143805.49759199
Tíjola,544869.65971374,4139787.4735418
Somontín,554018.459220782,4141714.11953859
Cartaya,131757.91288045,4137822.8797066
Dos Hermanas,237440.141398103,4127628.11087533
Fonelas,485256.519750661,4141503.56963567
Almedinilla,405566.713295588,4143741.06862649
Píñar,464258.886442432,4142652.4878956
Santiponce,230879.367097909,4147798.45622616
Caniles,528331.293375184,4141097.06445653
San Silvestre de Guzmán,112227.037789838,4146661.83549099
Puente Genil,344170.559436816,4140916.84232523
Valencina de la Concepción,228015.595633432,4146116.02290845
Carcabuey,384676.039025367,4145318.84621229
Lúcar,549452.177999497,4143525.86782946
Guadix,491643.763828515,4135076.40320521
Gobernador,472902.654490196,4148062.53494782
Albaida del Aljarafe,218964.373015996,4148266.73439904
Dehesas Viejas,450684.636437023,4148892.91256977
Palma del Condado (La),185232.600520328,4145523.49842214
Manzanilla,194873.231950364,4145046.90018569
Villarrasa,178895.406747088,4145383.86268085
Villalba del Alcor,190237.599455099,4145880.4425887
Torre-Cardela,468457.658582914,4149977.84232671
Montillana,435842.4419993,4147093.32534003
Monturque,360139.123245157,4149095.05913134
Frailes,427250.855678054,4149936.58778157
Iznalloz,452689.52700479,4139685.90709305
Taberno,583024.337631588,4148446.38959616
Salteras,226485.810983416,4150153.83504732
Domingo Pérez de Granada,455266.670330046,4149607.55669601
Huércal-Overa,593896.842443671,4142888.32438866
Alcalá la Real,417525.50687752,4145619.35164564
Albox,576407.246089147,4145134.79178009
San Bartolomé de la Torre,137276.960082462,4150925.66657377
Aguilar de la Frontera,351652.651742421,4147296.38058946
Campotéjar,447169.542527705,4151416.64332905
Algaba (La),233307.751581105,4151678.42923178
Oria,562780.681810055,4149971.84537244
Fuente-Tójar,400360.871628804,4153321.67574429
Freila,507681.731282168,4151502.45316893
Zuheros,382388.333185726,4154351.87983878
Cabra,371907.474195656,4150202.81715982
Rinconada (La),243998.480148308,4150930.87768439
Villanueva de las Torres,490136.93671104,4153714.26519297
Priego de Córdoba,394653.698490754,4143621.64846617
Trigueros,159354.307462521,4147732.60258718
Niebla,174463.942276326,4149481.96366473
Doña Mencía,378971.1882192,4156921.56261121
Pedro Martínez,480437.805435697,4151788.70382715
Guadahortuna,465410.435486179,4153655.41309056
Paterna del Campo,193097.23155685,4152977.46317323
Gorafe,496742.093974779,4152766.51880775
Sanlúcar de Guadiana,110360.43750658,4153700.98306568
Castillo de Locubín,416358.094958269,4156165.49048356
Villanueva de los Castillejos,127899.196280846,4153685.78583337
Gibraleón,146387.32297531,4146287.15279134
Luisiana (La),303874.264049594,4158462.2594347
Montalbán de Córdoba,345270.902250098,4157612.82099441
Brenes,246233.649613497,4160167.22966368
Montejícar,455117.597623344,4157270.02845621
Dehesas de Guadix,494798.771577189,4160218.66450325
Beas,162958.683336015,4152875.88895991
Noalejo,441035.274192264,4154119.69067945
Alicún de Ortega,486314.829630536,4162410.90490645
Luque,390460.416273394,4157380.78641041
Fuentes de Andalucía,292543.621878666,4152749.7781007
Alamedilla,478828.39181297,4160393.94649324
Baza,519967.71536532,4140901.75546807
Valdepeñas de Jaén,430107.683310538,4159671.4592059
Campana (La),287297.755107724,4159316.93206248
Montilla,355204.56324954,4159750.1364512
Paradas,278583.45707432,4130212.36434854
Alcalá del Río,237612.84466881,4159394.77350056
Cañada Rosal,303903.7355186,4163903.82291058
Tocina,258980.343409866,4165577.50587849
Granado (El),108582.426303403,4161484.68965825
Escacena del Campo,200197.454644921,4155789.24392093
Cúllar,542411.308768132,4157971.93678382
Vélez-Rubio,582604.834304421,4160706.90079812
Santaella,336158.208103573,4157154.39450292
Aznalcóllar,207615.535839363,4160379.6835909
Olivares,219769.024055785,4150643.55888027
Chirivel,564818.982866004,4162067.24018675
Burguillos,238752.562916233,4165516.83063329
Campillo de Arenas,442389.941333569,4159934.14290964
Cuevas del Campo,507713.768463473,4162840.48960995
Villaverde del Río,244503.286368644,4166065.79761902
Gerena,219999.311892977,4160600.04837777
Fuensanta de Martos,419547.650440462,4165136.36178358
Berrocal,190013.062140067,4163667.42382624
Nueva Carteya,372160.963369565,4162369.2665771
Zújar,513418.867734177,4158429.88115911
Cárcheles,443930.999761964,4166380.9638304
Valverde del Camino,169277.035961365,4163595.98634044
Almendro (El),116320.149145594,4164909.00096227
San Sebastián de los Ballesteros,335837.886653308,4171174.27513439
Alcaudete,403258.976164506,4162261.25138561
Montemayor,353891.040740218,4168916.91042162
Garrobo (El),219419.706453695,4169591.81582464
Benamaurel,526884.631950486,4164758.573341
Alosno,138545.008158211,4165092.60504655
Cantillana,251211.288732467,4167595.33725522
Alcolea del Río,266706.470039625,4169173.0620133
Fernán-Núñez,347637.028950131,4172408.35267071
Espejo,362607.431417371,4169964.05254306
Villanueva de las Cruces,145675.775940755,4170967.95396958
Écija,315719.680647586,4154726.58205768
Villares (Los),426094.79750376,4171085.828261
Cambil,451857.260760595,4169811.00419355
Carlota (La),329507.441320758,4172059.03371836
Victoria (La),336620.345619311,4174029.77877999
Madroño (El),195977.594362519,4172541.68018083
Huelma,465001.673650101,4166806.3752867
Rambla (La),342977.916068205,4170055.38519565
Jamilena,419315.792680928,4177172.48292296
Cortes de Baza,516099.928589661,4171330.36656086
Zalamea la Real,175608.181978829,4171889.76381871
Guillena,227434.445593101,4167797.33246635
Pegalajar,444640.348115365,4175274.74493271
Palma del Río,297748.334612142,4172080.21696974
Martos,410223.849603822,4171937.36798825
Villanueva del Río y Minas,260295.991386478,4172183.74475276
Bélmez de la Moraleda,467284.826836021,4176187.38196581
Galera,538449.67469351,4174594.89283773
Hinojares,499638.816483714,4175379.35562968
Lora del Río,278725.826929529,4172173.20999938
Minas de Riotinto,184046.14456388901,4178476.25430328
Santiago de Calatrava,395190.844192394,4177677.34546924
Puebla de Guzmán,120537.242804094,4174079.22260839
Guardia de Jaén (La),438427.473365737,4178636.67022567
Calañas,154613.643062473,4170570.19605126
Huesa,494205.725553003,4172087.47953483
Castro del Río,369548.308987494,4171543.20132777
Nerva,188759.053448306,4178852.95348901
Valenzuela,390556.940637003,4181016.3827324
Peñaflor,291268.392650483,4178918.99740905
Fuente Palmera,315669.707000223,4178950.50679756
Campillo (El),177969.734506845,4179456.30255826
Larva,482612.029290224,4180239.94328251
Castillo de las Guardas (El),207567.321338118,4177056.3799062
Castilléjar,528350.546077507,4176551.77685937
Guadalcázar,326464.611977187,4180171.8827271
Albanchez de Mágina,459582.746392684,4180776.75111088
Baena,384204.649331088,4170993.09063739
Orce,553117.302959273,4174752.9453872
Pozo Alcón,504669.949895207,4174119.94391519
Cabra del Santo Cristo,478182.960660753,4172878.59709108
Castilblanco de los Arroyos,236879.72889254,4178445.49303683
Higuera de Calatrava,398456.349312541,4183712.26905076
Torres,453272.908833953,4181847.43705934
Ronquillo (El),219916.492214802,4182773.78662401
Campofrío,184282.2397153,4186224.74170051
Granada de Río-Tinto (La),190918.352126425,4186241.95989241
Torredonjimeno,408304.09575859,4183617.52227962
Jimena,454754.063461899,4188242.96796988
Villardompardo,411983.146010281,4188963.8493554
Cerro de Andévalo (El),145880.271598304,4180878.65378167
María,566996.550756693,4178336.29985142
Quesada,492094.399688661,4181477.33097027
Puebla de los Infantes (La),286166.911144678,4187159.17381261
Escañuela,409353.222182092,4192431.87227197
Cabezas Rubias,138319.3589951,4188217.48639013
Higuera de la Sierra,196730.676078512,4192917.35964722
Pedroso (El),253538.342123917,4186074.4954242
Jódar,470765.150847807,4187316.90568518
Vélez-Blanco,578731.169197854,4182712.35693656
Paymogo,119695.869741114,4186434.99991407
Cortegana,150479.062870203,4192491.7831838
Porcuna,394080.53986518,4190624.19482682
Bedmar y Garcíez,462739.806029499,4187761.37520521
Posadas,313601.981415887,4190069.90299364
Cañete de las Torres,383228.398463301,4190060.04003014
Santa Bárbara de Casa,129837.468148798,4191603.92192219
Alájar,178262.057681737,4195415.05785071
Santa Ana la Real,172791.18376791,4196134.26721183
Linares de la Sierra,182584.372591833,4196068.38316665
Almodóvar del Río,323149.428643074,4190165.14271212
Fuerte del Rey,420576.53034376,4195492.93619283
Peal de Becerro,484918.794883251,4194623.26266591
Mancha Real,446213.149273531,4187743.46864951
Almadén de la Plata,232470.345755824,4193397.5138725
Castaño del Robledo,175799.577757866,4200104.0619938
Almonaster la Real,166925.083429596,4190574.20295963
Castril,519868.950231686,4186673.47459987
Bujalance,379332.286839756,4197487.16204378
Marines (Los),181145.37790202,4201264.55090431
Puerto Moral,195420.988947266,4199391.73335891
Fuenteheridos,178189.280792187,4201963.03942822
Villatorres,439356.63081738,4198489.10939187
Jabugo,170445.321551475,4202563.24478688
Carpio (El),368738.830464563,4199797.02327516
Pedro Abad,372027.707960911,4203454.8759058
Begíjar,449851.100145634,4203013.75136691
Arjona,405158.225378765,4198174.91127503
Lahiguera,413196.87877439,4202376.3338614
Santa Olalla del Cala,216932.430185206,4197287.44830832
Zufre,204095.545131979,4191512.77133613
Constantina,271580.652595675,4192432.7770891
Cazorla,503030.308272558,4196118.6532414
Galaroza,174979.963881313,4204060.70441525
Iruela (La),506139.651489432,4202033.52639137
Mengíbar,429014.784239101,4201691.09836025
Villafranca de Córdoba,363191.07692801,4201850.50206941
Cazalilla,422171.287984278,4201364.621268
Chilluévar,496920.186407933,4204714.60446421
Villa del Río,386109.778525719,4204832.35783662
Torreblascopedro,442070.149843873,4204403.47551364
Navas de la Concepción (Las),283655.305646735,4201537.71200059
Arjonilla,401516.195309933,4204655.74842543
Corteconcepción,192971.082199946,4204224.22050299
Lopera,391803.452071959,4202119.99393569
Real de la Jara (El),232147.957334687,4204710.83691407
Valdelarco,177589.721552609,4206455.08303407
Aracena,187157.59258139,4197428.53007566
Lupión,449695.817860379,4207388.78604243
Córdoba (capital),350474.960222602,4190392.68852956
Santo Tomé,499167.70669032,4207904.47872921
San Nicolás del Puerto,268758.877451309,4206803.94285613
Cortelazor,181534.598488004,4207540.80867835
Espeluy,424377.494704156,4208573.68422607
Baeza,456757.985518688,4199776.06744253
Puebla de Don Fadrique,552561.863727347,4198057.37352267
Jabalquinto,433877.767805499,4207825.85778795
Cala,207388.452955805,4206516.48668102
Cazalla de la Sierra,250178.568922082,4202971.59464903
Nava (La),169715.498765521,4209527.55809659
Torreperogil,478946.704822974,4207361.67488752
Hinojales,186644.338649261,4211870.03698997
Cañaveral de León,192524.984025349,4211063.63365608
Canena,456336.383886105,4212128.36346436
Huéscar,536288.876977897,4193857.50985152
Ibros,452721.570953105,4211565.10414611
Arroyomolinos de León,199930.805847396,4211988.44176455
Rosal de la Frontera,131685.127528597,4205585.38784853
Villaviciosa de Córdoba,323695.586090554,4209247.13995123
Rus,460003.650775799,4214357.52492571
Sabiote,477034.744024012,4216443.62639279
Cumbres Mayores,178804.530250914,4215788.65979783
Bailén,431773.834503164,4216394.07490541
Cumbres de Enmedio,175583.249980957,4220733.89394306
Aroche,149390.782343659,4207490.42679882
Úbeda,471025.970934998,4204154.00310584
Villacarrillo,496415.858742707,4215464.34204918
Alanís,269567.206677527,4213970.88071921
Obejo,345221.166537287,4215748.93418236
Villaharta,333423.063986359,4222783.5962865
Linares,444160.769817669,4216748.75615569
Iznatoraf,494986.569292196,4221322.46464221
Marmolejo,397399.389011055,4214217.48021813
Cumbres de San Bartolomé,166729.11162767,4219202.27143843
Hornachuelos,295393.556051396,4202568.64668206
Villanueva del Arzobispo,504824.587303952,4224827.87884068
Guadalcanal,253559.061755947,4220776.61887987
Guarromán,425346.425275802,4218599.0097482
Hornos,524516.903865258,4228425.14041432
Adamuz,362387.985328108,4217160.49466877
Sorihuela del Guadalimar,496830.137170587,4231183.59831817
Villanueva del Rey,308239.96316219,4224268.23077468
Montoro,380160.633712377,4218032.37006212
Encinasola,158389.451170515,4227095.22706464
Carboneros,444865.056720271,4230054.75905199
Santiago-Pontones,528624.468634417,4216686.69224065
Arquillos,463562.694341514,4228461.35496653
Espiel,317782.127361994,4222531.24286516
Beas de Segura,511482.608271313,4233996.27669523
Segura de la Sierra,529627.482590734,4234611.25003756
Orcera,531483.343254928,4240255.92829795
Arroyo del Ojanco,509890.364629036,4239916.90527462
Navas de San Juan,470570.775956757,4230011.96927901
Belmez,309033.208296496,4237432.95883805
Vilches,458210.005394439,4230988.84839667
Puente de Génave,515955.625894127,4243335.56055252
Villanueva de la Reina,421760.878002102,4221851.16504783
Peñarroya-Pueblonuevo,303919.388947858,4243574.31537545
Benatae,528977.660495993,4246148.70876535
Carolina (La),446184.25264411,4240099.82105012
Andújar,408077.617134587,4231069.37110894
Cardeña,380518.364502558,4237478.17071232
Granjuela (La),295520.819140796,4248562.20903348
Pozoblanco,342705.391624052,4236944.2033999
Villanueva de Córdoba,357447.204413876,4237738.41111432
Baños de la Encina,432681.580179499,4237625.30415584
Alcaracejos,330691.44234522,4240229.47757888
Puerta de Segura (La),518515.929328862,4247514.29048962
Añora,336779.805014033,4242942.152951
Castellar,487557.173570414,4238690.82068441
Santa Elena,452822.379771602,4246937.91539957
Villanueva del Duque,322048.121418161,4246299.30378877
Fuente la Lancha,321297.362210074,4254588.48297347
Conquista,369716.828630188,4251895.18314025
Torres de Albánchez,527864.099741863,4252164.80438946
Aldeaquemada,468458.637190916,4250748.68386333
Chiclana de Segura,501099.451665362,4244924.50224247
Montizón,491109.943828903,4248512.09696144
Santisteban del Puerto,478077.249516134,4238721.0385782
Génave,521552.852157651,4254956.98547791
Fuente Obejuna,287615.815119222,4237883.14765831
Pedroche,347802.759050552,4254087.43736304
Villaralto,327597.399431227,4258131.58873336
Siles,538191.498266674,4247602.18794523
Villarrodrigo,528483.626465284,4259445.81354014
Blázquez (Los),285688.494393358,4255837.83909716
Torrecampo,357357.881430664,4258437.61012279
Valsequillo,292848.712162356,4259331.96130825
Guijo (El),346886.733744094,4265447.82547131
Dos Torres,338156.181276096,4259862.05881189
Hinojosa del Duque,308969.672758744,4258494.64593692
Belalcázar,312888.765969567,4273586.28452428
Santa Eufemia,334763.88072071,4274814.955021
Viso (El),326304.72978623,4274115.32339242
Sevilla (capital),238363.25568726,4142602.63508522
Chipiona,195727.135545572,4069926.2571085
Línea de la Concepción (La),289517.614962236,4009039.01968023
Jaén (capital),433781.717478908,4184719.20095168
Torredelcampo,419752.674790628,4186845.85787708
Teba,328284.295547842,4094178.45333299
Cañete la Real,318601.611094099,4091181.21513839
Rincón de la Victoria,386784.13522808,4065983.35757685
Carmona,267298.710223517,4148825.9009645
Sanlúcar la Mayor,213335.220956108,4149444.03539571
